{
    "carriage": {
        "1": {
            "start_line": 57.5479998588562,
            "end_line": 103.77700002491474
        },
        "2": {
            "start_line": 103.77700002491474,
            "end_line": 147.36499997973442
        },
        "3": {
            "start_line": 147.36499997973442,
            "end_line": 190.91799993813038
        },
        "4": {
            "start_line": 190.91799993813038,
            "end_line": 234.39200003445148
        },
        "5": {
            "start_line": 234.39200003445148,
            "end_line": 277.9260000064969
        },
        "6": {
            "start_line": 277.9260000064969,
            "end_line": 321.52800001204014
        },
        "7": {
            "start_line": 321.52800001204014,
            "end_line": 365.13000003248453
        },
        "8": {
            "start_line": 365.13000003248453,
            "end_line": 410.5790000706911
        }
    }
}